canUse_unknown.png,canUse unknown,0,0
minecraft_acacia_boat.png,acacia boat,0,0
minecraft_acacia_button.png,acacia button,0,0
minecraft_acacia_chest_boat.png,acacia chest boat,0,0
minecraft_acacia_door.png,acacia door,0,0
minecraft_acacia_fence.png,acacia fence,0,0
minecraft_acacia_fence_gate.png,acacia fence gate,0,0
minecraft_acacia_hanging_sign.png,acacia hanging sign,0,0
minecraft_acacia_leaves.png,acacia leaves,0,0
minecraft_acacia_log.png,acacia log,0,0
minecraft_acacia_planks.png,acacia planks,0,0
minecraft_acacia_pressure_plate.png,acacia pressure plate,0,0
minecraft_acacia_sapling.png,acacia sapling,0,0
minecraft_acacia_sign.png,acacia sign,0,0
minecraft_acacia_slab.png,acacia slab,0,0
minecraft_acacia_stairs.png,acacia stairs,0,0
minecraft_acacia_trapdoor.png,acacia trapdoor,0,0
minecraft_acacia_wood.png,acacia wood,0,0
minecraft_activator_rail.png,activator rail,0,0
minecraft_air.png,air,0,0
minecraft_allay_spawn_egg.png,allay spawn egg,0,0
minecraft_allium.png,allium,0,0
minecraft_amethyst_block.png,amethyst block,0,0
minecraft_amethyst_cluster.png,amethyst cluster,0,0
minecraft_amethyst_shard.png,amethyst shard,0,0
minecraft_ancient_debris.png,ancient debris,0,0
minecraft_andesite.png,andesite,0,0
minecraft_andesite_slab.png,andesite slab,0,0
minecraft_andesite_stairs.png,andesite stairs,0,0
minecraft_andesite_wall.png,andesite wall,0,0
minecraft_angler_pottery_sherd.png,angler pottery sherd,0,0
minecraft_anvil.png,anvil,0,0
minecraft_apple.png,apple,0,0
minecraft_archer_pottery_sherd.png,archer pottery sherd,0,0
minecraft_armadillo_scute.png,armadillo scute,0,0
minecraft_armadillo_spawn_egg.png,armadillo spawn egg,0,0
minecraft_armor_stand.png,armor stand,0,0
minecraft_arms_up_pottery_sherd.png,arms up pottery sherd,0,0
minecraft_arrow.png,arrow,0,0
minecraft_axolotl_bucket.png,axolotl bucket,0,0
minecraft_axolotl_spawn_egg.png,axolotl spawn egg,0,0
minecraft_azalea.png,azalea,0,0
minecraft_azalea_leaves.png,azalea leaves,0,0
minecraft_azure_bluet.png,azure bluet,0,0
minecraft_baked_potato.png,baked potato,0,0
minecraft_bamboo.png,bamboo,0,0
minecraft_bamboo_block.png,bamboo block,0,0
minecraft_bamboo_button.png,bamboo button,0,0
minecraft_bamboo_chest_raft.png,bamboo chest raft,0,0
minecraft_bamboo_door.png,bamboo door,0,0
minecraft_bamboo_fence.png,bamboo fence,0,0
minecraft_bamboo_fence_gate.png,bamboo fence gate,0,0
minecraft_bamboo_hanging_sign.png,bamboo hanging sign,0,0
minecraft_bamboo_mosaic.png,bamboo mosaic,0,0
minecraft_bamboo_mosaic_slab.png,bamboo mosaic slab,0,0
minecraft_bamboo_mosaic_stairs.png,bamboo mosaic stairs,0,0
minecraft_bamboo_planks.png,bamboo planks,0,0
minecraft_bamboo_pressure_plate.png,bamboo pressure plate,0,0
minecraft_bamboo_raft.png,bamboo raft,0,0
minecraft_bamboo_sign.png,bamboo sign,0,0
minecraft_bamboo_slab.png,bamboo slab,0,0
minecraft_bamboo_stairs.png,bamboo stairs,0,0
minecraft_bamboo_trapdoor.png,bamboo trapdoor,0,0
minecraft_barrel.png,barrel,0,0
minecraft_barrier.png,barrier,0,0
minecraft_basalt.png,basalt,0,0
minecraft_bat_spawn_egg.png,bat spawn egg,0,0
minecraft_beacon.png,beacon,0,0
minecraft_bedrock.png,bedrock,0,0
minecraft_beef.png,beef,0,0
minecraft_beehive.png,beehive,0,0
minecraft_beetroot.png,beetroot,0,0
minecraft_beetroot_seeds.png,beetroot seeds,0,0
minecraft_beetroot_soup.png,beetroot soup,0,0
minecraft_bee_nest.png,bee nest,0,0
minecraft_bee_spawn_egg.png,bee spawn egg,0,0
minecraft_bell.png,bell,0,0
minecraft_big_dripleaf.png,big dripleaf,0,0
minecraft_birch_boat.png,birch boat,0,0
minecraft_birch_button.png,birch button,0,0
minecraft_birch_chest_boat.png,birch chest boat,0,0
minecraft_birch_door.png,birch door,0,0
minecraft_birch_fence.png,birch fence,0,0
minecraft_birch_fence_gate.png,birch fence gate,0,0
minecraft_birch_hanging_sign.png,birch hanging sign,0,0
minecraft_birch_leaves.png,birch leaves,0,0
minecraft_birch_log.png,birch log,0,0
minecraft_birch_planks.png,birch planks,0,0
minecraft_birch_pressure_plate.png,birch pressure plate,0,0
minecraft_birch_sapling.png,birch sapling,0,0
minecraft_birch_sign.png,birch sign,0,0
minecraft_birch_slab.png,birch slab,0,0
minecraft_birch_stairs.png,birch stairs,0,0
minecraft_birch_trapdoor.png,birch trapdoor,0,0
minecraft_birch_wood.png,birch wood,0,0
minecraft_blackstone.png,blackstone,0,0
minecraft_blackstone_slab.png,blackstone slab,0,0
minecraft_blackstone_stairs.png,blackstone stairs,0,0
minecraft_blackstone_wall.png,blackstone wall,0,0
minecraft_black_banner.png,black banner,0,0
minecraft_black_bed.png,black bed,0,0
minecraft_black_bundle.png,black bundle,0,0
minecraft_black_candle.png,black candle,0,0
minecraft_black_carpet.png,black carpet,0,0
minecraft_black_concrete.png,black concrete,0,0
minecraft_black_concrete_powder.png,black concrete powder,0,0
minecraft_black_dye.png,black dye,0,0
minecraft_black_glazed_terracotta.png,black glazed terracotta,0,0
minecraft_black_shulker_box.png,black shulker box,0,0
minecraft_black_stained_glass.png,black stained glass,0,0
minecraft_black_stained_glass_pane.png,black stained glass pane,0,0
minecraft_black_terracotta.png,black terracotta,0,0
minecraft_black_wool.png,black wool,0,0
minecraft_blade_pottery_sherd.png,blade pottery sherd,0,0
minecraft_blast_furnace.png,blast furnace,0,0
minecraft_blaze_powder.png,blaze powder,0,0
minecraft_blaze_rod.png,blaze rod,0,0
minecraft_blaze_spawn_egg.png,blaze spawn egg,0,0
minecraft_blue_banner.png,blue banner,0,0
minecraft_blue_bed.png,blue bed,0,0
minecraft_blue_bundle.png,blue bundle,0,0
minecraft_blue_candle.png,blue candle,0,0
minecraft_blue_carpet.png,blue carpet,0,0
minecraft_blue_concrete.png,blue concrete,0,0
minecraft_blue_concrete_powder.png,blue concrete powder,0,0
minecraft_blue_dye.png,blue dye,0,0
minecraft_blue_egg.png,blue egg,0,0
minecraft_blue_glazed_terracotta.png,blue glazed terracotta,0,0
minecraft_blue_ice.png,blue ice,0,0
minecraft_blue_orchid.png,blue orchid,0,0
minecraft_blue_shulker_box.png,blue shulker box,0,0
minecraft_blue_stained_glass.png,blue stained glass,0,0
minecraft_blue_stained_glass_pane.png,blue stained glass pane,0,0
minecraft_blue_terracotta.png,blue terracotta,0,0
minecraft_blue_wool.png,blue wool,0,0
minecraft_bogged_spawn_egg.png,bogged spawn egg,0,0
minecraft_bolt_armor_trim_smithing_template.png,bolt armor trim smithing template,0,0
minecraft_bone.png,bone,0,0
minecraft_bone_block.png,bone block,0,0
minecraft_bone_meal.png,bone meal,0,0
minecraft_book.png,book,0,0
minecraft_bookshelf.png,bookshelf,0,0
minecraft_bordure_indented_banner_pattern.png,bordure indented banner pattern,0,0
minecraft_bow.png,bow,0,0
minecraft_bowl.png,bowl,0,0
minecraft_brain_coral.png,brain coral,0,0
minecraft_brain_coral_block.png,brain coral block,0,0
minecraft_brain_coral_fan.png,brain coral fan,0,0
minecraft_bread.png,bread,0,0
minecraft_breeze_rod.png,breeze rod,0,0
minecraft_breeze_spawn_egg.png,breeze spawn egg,0,0
minecraft_brewer_pottery_sherd.png,brewer pottery sherd,0,0
minecraft_brewing_stand.png,brewing stand,0,0
minecraft_brick.png,brick,0,0
minecraft_bricks.png,bricks,0,0
minecraft_brick_slab.png,brick slab,0,0
minecraft_brick_stairs.png,brick stairs,0,0
minecraft_brick_wall.png,brick wall,0,0
minecraft_brown_banner.png,brown banner,0,0
minecraft_brown_bed.png,brown bed,0,0
minecraft_brown_bundle.png,brown bundle,0,0
minecraft_brown_candle.png,brown candle,0,0
minecraft_brown_carpet.png,brown carpet,0,0
minecraft_brown_concrete.png,brown concrete,0,0
minecraft_brown_concrete_powder.png,brown concrete powder,0,0
minecraft_brown_dye.png,brown dye,0,0
minecraft_brown_egg.png,brown egg,0,0
minecraft_brown_glazed_terracotta.png,brown glazed terracotta,0,0
minecraft_brown_mushroom.png,brown mushroom,0,0
minecraft_brown_mushroom_block.png,brown mushroom block,0,0
minecraft_brown_shulker_box.png,brown shulker box,0,0
minecraft_brown_stained_glass.png,brown stained glass,0,0
minecraft_brown_stained_glass_pane.png,brown stained glass pane,0,0
minecraft_brown_terracotta.png,brown terracotta,0,0
minecraft_brown_wool.png,brown wool,0,0
minecraft_brush.png,brush,0,0
minecraft_bubble_coral.png,bubble coral,0,0
minecraft_bubble_coral_block.png,bubble coral block,0,0
minecraft_bubble_coral_fan.png,bubble coral fan,0,0
minecraft_bucket.png,bucket,0,0
minecraft_budding_amethyst.png,budding amethyst,0,0
minecraft_bundle.png,bundle,0,0
minecraft_burn_pottery_sherd.png,burn pottery sherd,0,0
minecraft_bush.png,bush,0,0
minecraft_cactus.png,cactus,0,0
minecraft_cactus_flower.png,cactus flower,0,0
minecraft_cake.png,cake,0,0
minecraft_calcite.png,calcite,0,0
minecraft_calibrated_sculk_sensor.png,calibrated sculk sensor,0,0
minecraft_camel_spawn_egg.png,camel spawn egg,0,0
minecraft_campfire.png,campfire,0,0
minecraft_candle.png,candle,0,0
minecraft_carrot.png,carrot,0,0
minecraft_carrot_on_a_stick.png,carrot on a stick,0,0
minecraft_cartography_table.png,cartography table,0,0
minecraft_carved_pumpkin.png,carved pumpkin,0,0
minecraft_cat_spawn_egg.png,cat spawn egg,0,0
minecraft_cauldron.png,cauldron,0,0
minecraft_cave_spider_spawn_egg.png,cave spider spawn egg,0,0
minecraft_chain.png,chain,0,0
minecraft_chainmail_boots.png,chainmail boots,0,0
minecraft_chainmail_chestplate.png,chainmail chestplate,0,0
minecraft_chainmail_helmet.png,chainmail helmet,0,0
minecraft_chainmail_leggings.png,chainmail leggings,0,0
minecraft_chain_command_block.png,chain command block,0,0
minecraft_charcoal.png,charcoal,0,0
minecraft_cherry_boat.png,cherry boat,0,0
minecraft_cherry_button.png,cherry button,0,0
minecraft_cherry_chest_boat.png,cherry chest boat,0,0
minecraft_cherry_door.png,cherry door,0,0
minecraft_cherry_fence.png,cherry fence,0,0
minecraft_cherry_fence_gate.png,cherry fence gate,0,0
minecraft_cherry_hanging_sign.png,cherry hanging sign,0,0
minecraft_cherry_leaves.png,cherry leaves,0,0
minecraft_cherry_log.png,cherry log,0,0
minecraft_cherry_planks.png,cherry planks,0,0
minecraft_cherry_pressure_plate.png,cherry pressure plate,0,0
minecraft_cherry_sapling.png,cherry sapling,0,0
minecraft_cherry_sign.png,cherry sign,0,0
minecraft_cherry_slab.png,cherry slab,0,0
minecraft_cherry_stairs.png,cherry stairs,0,0
minecraft_cherry_trapdoor.png,cherry trapdoor,0,0
minecraft_cherry_wood.png,cherry wood,0,0
minecraft_chest.png,chest,0,0
minecraft_chest_minecart.png,chest minecart,0,0
minecraft_chicken.png,chicken,0,0
minecraft_chicken_spawn_egg.png,chicken spawn egg,0,0
minecraft_chipped_anvil.png,chipped anvil,0,0
minecraft_chiseled_bookshelf.png,chiseled bookshelf,0,0
minecraft_chiseled_copper.png,chiseled copper,0,0
minecraft_chiseled_deepslate.png,chiseled deepslate,0,0
minecraft_chiseled_nether_bricks.png,chiseled nether bricks,0,0
minecraft_chiseled_polished_blackstone.png,chiseled polished blackstone,0,0
minecraft_chiseled_quartz_block.png,chiseled quartz block,0,0
minecraft_chiseled_red_sandstone.png,chiseled red sandstone,0,0
minecraft_chiseled_resin_bricks.png,chiseled resin bricks,0,0
minecraft_chiseled_sandstone.png,chiseled sandstone,0,0
minecraft_chiseled_stone_bricks.png,chiseled stone bricks,0,0
minecraft_chiseled_tuff.png,chiseled tuff,0,0
minecraft_chiseled_tuff_bricks.png,chiseled tuff bricks,0,0
minecraft_chorus_flower.png,chorus flower,0,0
minecraft_chorus_fruit.png,chorus fruit,0,0
minecraft_chorus_plant.png,chorus plant,0,0
minecraft_clay.png,clay,0,0
minecraft_clay_ball.png,clay ball,0,0
minecraft_clock.png,clock,0,0
minecraft_closed_eyeblossom.png,closed eyeblossom,0,0
minecraft_coal.png,coal,0,0
minecraft_coal_block.png,coal block,0,0
minecraft_coal_ore.png,coal ore,0,0
minecraft_coarse_dirt.png,coarse dirt,0,0
minecraft_coast_armor_trim_smithing_template.png,coast armor trim smithing template,0,0
minecraft_cobbled_deepslate.png,cobbled deepslate,0,0
minecraft_cobbled_deepslate_slab.png,cobbled deepslate slab,0,0
minecraft_cobbled_deepslate_stairs.png,cobbled deepslate stairs,0,0
minecraft_cobbled_deepslate_wall.png,cobbled deepslate wall,0,0
minecraft_cobblestone.png,cobblestone,0,0
minecraft_cobblestone_slab.png,cobblestone slab,0,0
minecraft_cobblestone_stairs.png,cobblestone stairs,0,0
minecraft_cobblestone_wall.png,cobblestone wall,0,0
minecraft_cobweb.png,cobweb,0,0
minecraft_cocoa_beans.png,cocoa beans,0,0
minecraft_cod.png,cod,0,0
minecraft_cod_bucket.png,cod bucket,0,0
minecraft_cod_spawn_egg.png,cod spawn egg,0,0
minecraft_command_block.png,command block,0,0
minecraft_command_block_minecart.png,command block minecart,0,0
minecraft_comparator.png,comparator,0,0
minecraft_compass.png,compass,0,0
minecraft_composter.png,composter,0,0
minecraft_conduit.png,conduit,0,0
minecraft_cooked_beef.png,cooked beef,0,0
minecraft_cooked_chicken.png,cooked chicken,0,0
minecraft_cooked_cod.png,cooked cod,0,0
minecraft_cooked_mutton.png,cooked mutton,0,0
minecraft_cooked_porkchop.png,cooked porkchop,0,0
minecraft_cooked_rabbit.png,cooked rabbit,0,0
minecraft_cooked_salmon.png,cooked salmon,0,0
minecraft_cookie.png,cookie,0,0
minecraft_copper_block.png,copper block,0,0
minecraft_copper_bulb.png,copper bulb,0,0
minecraft_copper_door.png,copper door,0,0
minecraft_copper_grate.png,copper grate,0,0
minecraft_copper_ingot.png,copper ingot,0,0
minecraft_copper_ore.png,copper ore,0,0
minecraft_copper_trapdoor.png,copper trapdoor,0,0
minecraft_cornflower.png,cornflower,0,0
minecraft_cow_spawn_egg.png,cow spawn egg,0,0
minecraft_cracked_deepslate_bricks.png,cracked deepslate bricks,0,0
minecraft_cracked_deepslate_tiles.png,cracked deepslate tiles,0,0
minecraft_cracked_nether_bricks.png,cracked nether bricks,0,0
minecraft_cracked_polished_blackstone_bricks.png,cracked polished blackstone bricks,0,0
minecraft_cracked_stone_bricks.png,cracked stone bricks,0,0
minecraft_crafter.png,crafter,0,0
minecraft_crafting_table.png,crafting table,0,0
minecraft_creaking_heart.png,creaking heart,0,0
minecraft_creaking_spawn_egg.png,creaking spawn egg,0,0
minecraft_creeper_banner_pattern.png,creeper banner pattern,0,0
minecraft_creeper_head.png,creeper head,0,0
minecraft_creeper_spawn_egg.png,creeper spawn egg,0,0
minecraft_crimson_button.png,crimson button,0,0
minecraft_crimson_door.png,crimson door,0,0
minecraft_crimson_fence.png,crimson fence,0,0
minecraft_crimson_fence_gate.png,crimson fence gate,0,0
minecraft_crimson_fungus.png,crimson fungus,0,0
minecraft_crimson_hanging_sign.png,crimson hanging sign,0,0
minecraft_crimson_hyphae.png,crimson hyphae,0,0
minecraft_crimson_nylium.png,crimson nylium,0,0
minecraft_crimson_planks.png,crimson planks,0,0
minecraft_crimson_pressure_plate.png,crimson pressure plate,0,0
minecraft_crimson_roots.png,crimson roots,0,0
minecraft_crimson_sign.png,crimson sign,0,0
minecraft_crimson_slab.png,crimson slab,0,0
minecraft_crimson_stairs.png,crimson stairs,0,0
minecraft_crimson_stem.png,crimson stem,0,0
minecraft_crimson_trapdoor.png,crimson trapdoor,0,0
minecraft_crossbow.png,crossbow,0,0
minecraft_crying_obsidian.png,crying obsidian,0,0
minecraft_cut_copper.png,cut copper,0,0
minecraft_cut_copper_slab.png,cut copper slab,0,0
minecraft_cut_copper_stairs.png,cut copper stairs,0,0
minecraft_cut_red_sandstone.png,cut red sandstone,0,0
minecraft_cut_red_sandstone_slab.png,cut red sandstone slab,0,0
minecraft_cut_sandstone.png,cut sandstone,0,0
minecraft_cut_sandstone_slab.png,cut sandstone slab,0,0
minecraft_cyan_banner.png,cyan banner,0,0
minecraft_cyan_bed.png,cyan bed,0,0
minecraft_cyan_bundle.png,cyan bundle,0,0
minecraft_cyan_candle.png,cyan candle,0,0
minecraft_cyan_carpet.png,cyan carpet,0,0
minecraft_cyan_concrete.png,cyan concrete,0,0
minecraft_cyan_concrete_powder.png,cyan concrete powder,0,0
minecraft_cyan_dye.png,cyan dye,0,0
minecraft_cyan_glazed_terracotta.png,cyan glazed terracotta,0,0
minecraft_cyan_shulker_box.png,cyan shulker box,0,0
minecraft_cyan_stained_glass.png,cyan stained glass,0,0
minecraft_cyan_stained_glass_pane.png,cyan stained glass pane,0,0
minecraft_cyan_terracotta.png,cyan terracotta,0,0
minecraft_cyan_wool.png,cyan wool,0,0
minecraft_damaged_anvil.png,damaged anvil,0,0
minecraft_dandelion.png,dandelion,0,0
minecraft_danger_pottery_sherd.png,danger pottery sherd,0,0
minecraft_dark_oak_boat.png,dark oak boat,0,0
minecraft_dark_oak_button.png,dark oak button,0,0
minecraft_dark_oak_chest_boat.png,dark oak chest boat,0,0
minecraft_dark_oak_door.png,dark oak door,0,0
minecraft_dark_oak_fence.png,dark oak fence,0,0
minecraft_dark_oak_fence_gate.png,dark oak fence gate,0,0
minecraft_dark_oak_hanging_sign.png,dark oak hanging sign,0,0
minecraft_dark_oak_leaves.png,dark oak leaves,0,0
minecraft_dark_oak_log.png,dark oak log,0,0
minecraft_dark_oak_planks.png,dark oak planks,0,0
minecraft_dark_oak_pressure_plate.png,dark oak pressure plate,0,0
minecraft_dark_oak_sapling.png,dark oak sapling,0,0
minecraft_dark_oak_sign.png,dark oak sign,0,0
minecraft_dark_oak_slab.png,dark oak slab,0,0
minecraft_dark_oak_stairs.png,dark oak stairs,0,0
minecraft_dark_oak_trapdoor.png,dark oak trapdoor,0,0
minecraft_dark_oak_wood.png,dark oak wood,0,0
minecraft_dark_prismarine.png,dark prismarine,0,0
minecraft_dark_prismarine_slab.png,dark prismarine slab,0,0
minecraft_dark_prismarine_stairs.png,dark prismarine stairs,0,0
minecraft_daylight_detector.png,daylight detector,0,0
minecraft_dead_brain_coral.png,dead brain coral,0,0
minecraft_dead_brain_coral_block.png,dead brain coral block,0,0
minecraft_dead_brain_coral_fan.png,dead brain coral fan,0,0
minecraft_dead_bubble_coral.png,dead bubble coral,0,0
minecraft_dead_bubble_coral_block.png,dead bubble coral block,0,0
minecraft_dead_bubble_coral_fan.png,dead bubble coral fan,0,0
minecraft_dead_bush.png,dead bush,0,0
minecraft_dead_fire_coral.png,dead fire coral,0,0
minecraft_dead_fire_coral_block.png,dead fire coral block,0,0
minecraft_dead_fire_coral_fan.png,dead fire coral fan,0,0
minecraft_dead_horn_coral.png,dead horn coral,0,0
minecraft_dead_horn_coral_block.png,dead horn coral block,0,0
minecraft_dead_horn_coral_fan.png,dead horn coral fan,0,0
minecraft_dead_tube_coral.png,dead tube coral,0,0
minecraft_dead_tube_coral_block.png,dead tube coral block,0,0
minecraft_dead_tube_coral_fan.png,dead tube coral fan,0,0
minecraft_debug_stick.png,debug stick,0,0
minecraft_decorated_pot.png,decorated pot,0,0
minecraft_deepslate.png,deepslate,0,0
minecraft_deepslate_bricks.png,deepslate bricks,0,0
minecraft_deepslate_brick_slab.png,deepslate brick slab,0,0
minecraft_deepslate_brick_stairs.png,deepslate brick stairs,0,0
minecraft_deepslate_brick_wall.png,deepslate brick wall,0,0
minecraft_deepslate_coal_ore.png,deepslate coal ore,0,0
minecraft_deepslate_copper_ore.png,deepslate copper ore,0,0
minecraft_deepslate_diamond_ore.png,deepslate diamond ore,0,0
minecraft_deepslate_emerald_ore.png,deepslate emerald ore,0,0
minecraft_deepslate_gold_ore.png,deepslate gold ore,0,0
minecraft_deepslate_iron_ore.png,deepslate iron ore,0,0
minecraft_deepslate_lapis_ore.png,deepslate lapis ore,0,0
minecraft_deepslate_redstone_ore.png,deepslate redstone ore,0,0
minecraft_deepslate_tiles.png,deepslate tiles,0,0
minecraft_deepslate_tile_slab.png,deepslate tile slab,0,0
minecraft_deepslate_tile_stairs.png,deepslate tile stairs,0,0
minecraft_deepslate_tile_wall.png,deepslate tile wall,0,0
minecraft_detector_rail.png,detector rail,0,0
minecraft_diamond.png,diamond,0,0
minecraft_diamond_axe.png,diamond axe,0,0
minecraft_diamond_block.png,diamond block,0,0
minecraft_diamond_boots.png,diamond boots,0,0
minecraft_diamond_chestplate.png,diamond chestplate,0,0
minecraft_diamond_helmet.png,diamond helmet,0,0
minecraft_diamond_hoe.png,diamond hoe,0,0
minecraft_diamond_horse_armor.png,diamond horse armor,0,0
minecraft_diamond_leggings.png,diamond leggings,0,0
minecraft_diamond_ore.png,diamond ore,0,0
minecraft_diamond_pickaxe.png,diamond pickaxe,0,0
minecraft_diamond_shovel.png,diamond shovel,0,0
minecraft_diamond_sword.png,diamond sword,0,0
minecraft_diorite.png,diorite,0,0
minecraft_diorite_slab.png,diorite slab,0,0
minecraft_diorite_stairs.png,diorite stairs,0,0
minecraft_diorite_wall.png,diorite wall,0,0
minecraft_dirt.png,dirt,0,0
minecraft_dirt_path.png,dirt path,0,0
minecraft_disc_fragment_5.png,disc fragment 5,0,0
minecraft_dispenser.png,dispenser,0,0
minecraft_dolphin_spawn_egg.png,dolphin spawn egg,0,0
minecraft_donkey_spawn_egg.png,donkey spawn egg,0,0
minecraft_dragon_breath.png,dragon breath,0,0
minecraft_dragon_egg.png,dragon egg,0,0
minecraft_dragon_head.png,dragon head,0,0
minecraft_dried_kelp.png,dried kelp,0,0
minecraft_dried_kelp_block.png,dried kelp block,0,0
minecraft_dripstone_block.png,dripstone block,0,0
minecraft_dropper.png,dropper,0,0
minecraft_drowned_spawn_egg.png,drowned spawn egg,0,0
minecraft_dune_armor_trim_smithing_template.png,dune armor trim smithing template,0,0
minecraft_echo_shard.png,echo shard,0,0
minecraft_egg.png,egg,0,0
minecraft_elder_guardian_spawn_egg.png,elder guardian spawn egg,0,0
minecraft_elytra.png,elytra,0,0
minecraft_emerald.png,emerald,0,0
minecraft_emerald_block.png,emerald block,0,0
minecraft_emerald_ore.png,emerald ore,0,0
minecraft_enchanted_book.png,enchanted book,0,0
minecraft_enchanted_golden_apple.png,enchanted golden apple,0,0
minecraft_enchanting_table.png,enchanting table,0,0
minecraft_enderman_spawn_egg.png,enderman spawn egg,0,0
minecraft_endermite_spawn_egg.png,endermite spawn egg,0,0
minecraft_ender_chest.png,ender chest,0,0
minecraft_ender_dragon_spawn_egg.png,ender dragon spawn egg,0,0
minecraft_ender_eye.png,ender eye,0,0
minecraft_ender_pearl.png,ender pearl,0,0
minecraft_end_crystal.png,end crystal,0,0
minecraft_end_portal_frame.png,end portal frame,0,0
minecraft_end_rod.png,end rod,0,0
minecraft_end_stone.png,end stone,0,0
minecraft_end_stone_bricks.png,end stone bricks,0,0
minecraft_end_stone_brick_slab.png,end stone brick slab,0,0
minecraft_end_stone_brick_stairs.png,end stone brick stairs,0,0
minecraft_end_stone_brick_wall.png,end stone brick wall,0,0
minecraft_evoker_spawn_egg.png,evoker spawn egg,0,0
minecraft_experience_bottle.png,experience bottle,0,0
minecraft_explorer_pottery_sherd.png,explorer pottery sherd,0,0
minecraft_exposed_chiseled_copper.png,exposed chiseled copper,0,0
minecraft_exposed_copper.png,exposed copper,0,0
minecraft_exposed_copper_bulb.png,exposed copper bulb,0,0
minecraft_exposed_copper_door.png,exposed copper door,0,0
minecraft_exposed_copper_grate.png,exposed copper grate,0,0
minecraft_exposed_copper_trapdoor.png,exposed copper trapdoor,0,0
minecraft_exposed_cut_copper.png,exposed cut copper,0,0
minecraft_exposed_cut_copper_slab.png,exposed cut copper slab,0,0
minecraft_exposed_cut_copper_stairs.png,exposed cut copper stairs,0,0
minecraft_eye_armor_trim_smithing_template.png,eye armor trim smithing template,0,0
minecraft_farmland.png,farmland,0,0
minecraft_feather.png,feather,0,0
minecraft_fermented_spider_eye.png,fermented spider eye,0,0
minecraft_fern.png,fern,0,0
minecraft_field_masoned_banner_pattern.png,field masoned banner pattern,0,0
minecraft_filled_map.png,filled map,0,0
minecraft_firefly_bush.png,firefly bush,0,0
minecraft_firework_rocket.png,firework rocket,0,0
minecraft_firework_star.png,firework star,0,0
minecraft_fire_charge.png,fire charge,0,0
minecraft_fire_coral.png,fire coral,0,0
minecraft_fire_coral_block.png,fire coral block,0,0
minecraft_fire_coral_fan.png,fire coral fan,0,0
minecraft_fishing_rod.png,fishing rod,0,0
minecraft_fletching_table.png,fletching table,0,0
minecraft_flint.png,flint,0,0
minecraft_flint_and_steel.png,flint and steel,0,0
minecraft_flowering_azalea.png,flowering azalea,0,0
minecraft_flowering_azalea_leaves.png,flowering azalea leaves,0,0
minecraft_flower_banner_pattern.png,flower banner pattern,0,0
minecraft_flower_pot.png,flower pot,0,0
minecraft_flow_armor_trim_smithing_template.png,flow armor trim smithing template,0,0
minecraft_flow_banner_pattern.png,flow banner pattern,0,0
minecraft_flow_pottery_sherd.png,flow pottery sherd,0,0
minecraft_fox_spawn_egg.png,fox spawn egg,0,0
minecraft_friend_pottery_sherd.png,friend pottery sherd,0,0
minecraft_frogspawn.png,frogspawn,0,0
minecraft_frog_spawn_egg.png,frog spawn egg,0,0
minecraft_furnace.png,furnace,0,0
minecraft_furnace_minecart.png,furnace minecart,0,0
minecraft_ghast_spawn_egg.png,ghast spawn egg,0,0
minecraft_ghast_tear.png,ghast tear,0,0
minecraft_gilded_blackstone.png,gilded blackstone,0,0
minecraft_glass.png,glass,0,0
minecraft_glass_bottle.png,glass bottle,0,0
minecraft_glass_pane.png,glass pane,0,0
minecraft_glistering_melon_slice.png,glistering melon slice,0,0
minecraft_globe_banner_pattern.png,globe banner pattern,0,0
minecraft_glowstone.png,glowstone,0,0
minecraft_glowstone_dust.png,glowstone dust,0,0
minecraft_glow_berries.png,glow berries,0,0
minecraft_glow_ink_sac.png,glow ink sac,0,0
minecraft_glow_item_frame.png,glow item frame,0,0
minecraft_glow_lichen.png,glow lichen,0,0
minecraft_glow_squid_spawn_egg.png,glow squid spawn egg,0,0
minecraft_goat_horn.png,goat horn,0,0
minecraft_goat_spawn_egg.png,goat spawn egg,0,0
minecraft_golden_apple.png,golden apple,0,0
minecraft_golden_axe.png,golden axe,0,0
minecraft_golden_boots.png,golden boots,0,0
minecraft_golden_carrot.png,golden carrot,0,0
minecraft_golden_chestplate.png,golden chestplate,0,0
minecraft_golden_helmet.png,golden helmet,0,0
minecraft_golden_hoe.png,golden hoe,0,0
minecraft_golden_horse_armor.png,golden horse armor,0,0
minecraft_golden_leggings.png,golden leggings,0,0
minecraft_golden_pickaxe.png,golden pickaxe,0,0
minecraft_golden_shovel.png,golden shovel,0,0
minecraft_golden_sword.png,golden sword,0,0
minecraft_gold_block.png,gold block,0,0
minecraft_gold_ingot.png,gold ingot,0,0
minecraft_gold_nugget.png,gold nugget,0,0
minecraft_gold_ore.png,gold ore,0,0
minecraft_granite.png,granite,0,0
minecraft_granite_slab.png,granite slab,0,0
minecraft_granite_stairs.png,granite stairs,0,0
minecraft_granite_wall.png,granite wall,0,0
minecraft_grass_block.png,grass block,0,0
minecraft_gravel.png,gravel,0,0
minecraft_gray_banner.png,gray banner,0,0
minecraft_gray_bed.png,gray bed,0,0
minecraft_gray_bundle.png,gray bundle,0,0
minecraft_gray_candle.png,gray candle,0,0
minecraft_gray_carpet.png,gray carpet,0,0
minecraft_gray_concrete.png,gray concrete,0,0
minecraft_gray_concrete_powder.png,gray concrete powder,0,0
minecraft_gray_dye.png,gray dye,0,0
minecraft_gray_glazed_terracotta.png,gray glazed terracotta,0,0
minecraft_gray_shulker_box.png,gray shulker box,0,0
minecraft_gray_stained_glass.png,gray stained glass,0,0
minecraft_gray_stained_glass_pane.png,gray stained glass pane,0,0
minecraft_gray_terracotta.png,gray terracotta,0,0
minecraft_gray_wool.png,gray wool,0,0
minecraft_green_banner.png,green banner,0,0
minecraft_green_bed.png,green bed,0,0
minecraft_green_bundle.png,green bundle,0,0
minecraft_green_candle.png,green candle,0,0
minecraft_green_carpet.png,green carpet,0,0
minecraft_green_concrete.png,green concrete,0,0
minecraft_green_concrete_powder.png,green concrete powder,0,0
minecraft_green_dye.png,green dye,0,0
minecraft_green_glazed_terracotta.png,green glazed terracotta,0,0
minecraft_green_shulker_box.png,green shulker box,0,0
minecraft_green_stained_glass.png,green stained glass,0,0
minecraft_green_stained_glass_pane.png,green stained glass pane,0,0
minecraft_green_terracotta.png,green terracotta,0,0
minecraft_green_wool.png,green wool,0,0
minecraft_grindstone.png,grindstone,0,0
minecraft_guardian_spawn_egg.png,guardian spawn egg,0,0
minecraft_gunpowder.png,gunpowder,0,0
minecraft_guster_banner_pattern.png,guster banner pattern,0,0
minecraft_guster_pottery_sherd.png,guster pottery sherd,0,0
minecraft_hanging_roots.png,hanging roots,0,0
minecraft_hay_block.png,hay block,0,0
minecraft_heartbreak_pottery_sherd.png,heartbreak pottery sherd,0,0
minecraft_heart_of_the_sea.png,heart of the sea,0,0
minecraft_heart_pottery_sherd.png,heart pottery sherd,0,0
minecraft_heavy_core.png,heavy core,0,0
minecraft_heavy_weighted_pressure_plate.png,heavy weighted pressure plate,0,0
minecraft_hoglin_spawn_egg.png,hoglin spawn egg,0,0
minecraft_honeycomb.png,honeycomb,0,0
minecraft_honeycomb_block.png,honeycomb block,0,0
minecraft_honey_block.png,honey block,0,0
minecraft_honey_bottle.png,honey bottle,0,0
minecraft_hopper.png,hopper,0,0
minecraft_hopper_minecart.png,hopper minecart,0,0
minecraft_horn_coral.png,horn coral,0,0
minecraft_horn_coral_block.png,horn coral block,0,0
minecraft_horn_coral_fan.png,horn coral fan,0,0
minecraft_horse_spawn_egg.png,horse spawn egg,0,0
minecraft_host_armor_trim_smithing_template.png,host armor trim smithing template,0,0
minecraft_howl_pottery_sherd.png,howl pottery sherd,0,0
minecraft_husk_spawn_egg.png,husk spawn egg,0,0
minecraft_ice.png,ice,0,0
minecraft_infested_chiseled_stone_bricks.png,infested chiseled stone bricks,0,0
minecraft_infested_cobblestone.png,infested cobblestone,0,0
minecraft_infested_cracked_stone_bricks.png,infested cracked stone bricks,0,0
minecraft_infested_deepslate.png,infested deepslate,0,0
minecraft_infested_mossy_stone_bricks.png,infested mossy stone bricks,0,0
minecraft_infested_stone.png,infested stone,0,0
minecraft_infested_stone_bricks.png,infested stone bricks,0,0
minecraft_ink_sac.png,ink sac,0,0
minecraft_iron_axe.png,iron axe,0,0
minecraft_iron_bars.png,iron bars,0,0
minecraft_iron_block.png,iron block,0,0
minecraft_iron_boots.png,iron boots,0,0
minecraft_iron_chestplate.png,iron chestplate,0,0
minecraft_iron_door.png,iron door,0,0
minecraft_iron_golem_spawn_egg.png,iron golem spawn egg,0,0
minecraft_iron_helmet.png,iron helmet,0,0
minecraft_iron_hoe.png,iron hoe,0,0
minecraft_iron_horse_armor.png,iron horse armor,0,0
minecraft_iron_ingot.png,iron ingot,0,0
minecraft_iron_leggings.png,iron leggings,0,0
minecraft_iron_nugget.png,iron nugget,0,0
minecraft_iron_ore.png,iron ore,0,0
minecraft_iron_pickaxe.png,iron pickaxe,0,0
minecraft_iron_shovel.png,iron shovel,0,0
minecraft_iron_sword.png,iron sword,0,0
minecraft_iron_trapdoor.png,iron trapdoor,0,0
minecraft_item_frame.png,item frame,0,0
minecraft_jack_o_lantern.png,jack o lantern,0,0
minecraft_jigsaw.png,jigsaw,0,0
minecraft_jukebox.png,jukebox,0,0
minecraft_jungle_boat.png,jungle boat,0,0
minecraft_jungle_button.png,jungle button,0,0
minecraft_jungle_chest_boat.png,jungle chest boat,0,0
minecraft_jungle_door.png,jungle door,0,0
minecraft_jungle_fence.png,jungle fence,0,0
minecraft_jungle_fence_gate.png,jungle fence gate,0,0
minecraft_jungle_hanging_sign.png,jungle hanging sign,0,0
minecraft_jungle_leaves.png,jungle leaves,0,0
minecraft_jungle_log.png,jungle log,0,0
minecraft_jungle_planks.png,jungle planks,0,0
minecraft_jungle_pressure_plate.png,jungle pressure plate,0,0
minecraft_jungle_sapling.png,jungle sapling,0,0
minecraft_jungle_sign.png,jungle sign,0,0
minecraft_jungle_slab.png,jungle slab,0,0
minecraft_jungle_stairs.png,jungle stairs,0,0
minecraft_jungle_trapdoor.png,jungle trapdoor,0,0
minecraft_jungle_wood.png,jungle wood,0,0
minecraft_kelp.png,kelp,0,0
minecraft_knowledge_book.png,knowledge book,0,0
minecraft_ladder.png,ladder,0,0
minecraft_lantern.png,lantern,0,0
minecraft_lapis_block.png,lapis block,0,0
minecraft_lapis_lazuli.png,lapis lazuli,0,0
minecraft_lapis_ore.png,lapis ore,0,0
minecraft_large_amethyst_bud.png,large amethyst bud,0,0
minecraft_large_fern.png,large fern,0,0
minecraft_lava_bucket.png,lava bucket,0,0
minecraft_lead.png,lead,0,0
minecraft_leaf_litter.png,leaf litter,0,0
minecraft_leather.png,leather,0,0
minecraft_leather_boots.png,leather boots,0,0
minecraft_leather_chestplate.png,leather chestplate,0,0
minecraft_leather_helmet.png,leather helmet,0,0
minecraft_leather_horse_armor.png,leather horse armor,0,0
minecraft_leather_leggings.png,leather leggings,0,0
minecraft_lectern.png,lectern,0,0
minecraft_lever.png,lever,0,0
minecraft_light.png,light,0,0
minecraft_lightning_rod.png,lightning rod,0,0
minecraft_light_blue_banner.png,light blue banner,0,0
minecraft_light_blue_bed.png,light blue bed,0,0
minecraft_light_blue_bundle.png,light blue bundle,0,0
minecraft_light_blue_candle.png,light blue candle,0,0
minecraft_light_blue_carpet.png,light blue carpet,0,0
minecraft_light_blue_concrete.png,light blue concrete,0,0
minecraft_light_blue_concrete_powder.png,light blue concrete powder,0,0
minecraft_light_blue_dye.png,light blue dye,0,0
minecraft_light_blue_glazed_terracotta.png,light blue glazed terracotta,0,0
minecraft_light_blue_shulker_box.png,light blue shulker box,0,0
minecraft_light_blue_stained_glass.png,light blue stained glass,0,0
minecraft_light_blue_stained_glass_pane.png,light blue stained glass pane,0,0
minecraft_light_blue_terracotta.png,light blue terracotta,0,0
minecraft_light_blue_wool.png,light blue wool,0,0
minecraft_light_gray_banner.png,light gray banner,0,0
minecraft_light_gray_bed.png,light gray bed,0,0
minecraft_light_gray_bundle.png,light gray bundle,0,0
minecraft_light_gray_candle.png,light gray candle,0,0
minecraft_light_gray_carpet.png,light gray carpet,0,0
minecraft_light_gray_concrete.png,light gray concrete,0,0
minecraft_light_gray_concrete_powder.png,light gray concrete powder,0,0
minecraft_light_gray_dye.png,light gray dye,0,0
minecraft_light_gray_glazed_terracotta.png,light gray glazed terracotta,0,0
minecraft_light_gray_shulker_box.png,light gray shulker box,0,0
minecraft_light_gray_stained_glass.png,light gray stained glass,0,0
minecraft_light_gray_stained_glass_pane.png,light gray stained glass pane,0,0
minecraft_light_gray_terracotta.png,light gray terracotta,0,0
minecraft_light_gray_wool.png,light gray wool,0,0
minecraft_light_weighted_pressure_plate.png,light weighted pressure plate,0,0
minecraft_lilac.png,lilac,0,0
minecraft_lily_of_the_valley.png,lily of the valley,0,0
minecraft_lily_pad.png,lily pad,0,0
minecraft_lime_banner.png,lime banner,0,0
minecraft_lime_bed.png,lime bed,0,0
minecraft_lime_bundle.png,lime bundle,0,0
minecraft_lime_candle.png,lime candle,0,0
minecraft_lime_carpet.png,lime carpet,0,0
minecraft_lime_concrete.png,lime concrete,0,0
minecraft_lime_concrete_powder.png,lime concrete powder,0,0
minecraft_lime_dye.png,lime dye,0,0
minecraft_lime_glazed_terracotta.png,lime glazed terracotta,0,0
minecraft_lime_shulker_box.png,lime shulker box,0,0
minecraft_lime_stained_glass.png,lime stained glass,0,0
minecraft_lime_stained_glass_pane.png,lime stained glass pane,0,0
minecraft_lime_terracotta.png,lime terracotta,0,0
minecraft_lime_wool.png,lime wool,0,0
minecraft_lingering_potion.png,lingering potion,0,0
minecraft_llama_spawn_egg.png,llama spawn egg,0,0
minecraft_lodestone.png,lodestone,0,0
minecraft_loom.png,loom,0,0
minecraft_mace.png,mace,0,0
minecraft_magenta_banner.png,magenta banner,0,0
minecraft_magenta_bed.png,magenta bed,0,0
minecraft_magenta_bundle.png,magenta bundle,0,0
minecraft_magenta_candle.png,magenta candle,0,0
minecraft_magenta_carpet.png,magenta carpet,0,0
minecraft_magenta_concrete.png,magenta concrete,0,0
minecraft_magenta_concrete_powder.png,magenta concrete powder,0,0
minecraft_magenta_dye.png,magenta dye,0,0
minecraft_magenta_glazed_terracotta.png,magenta glazed terracotta,0,0
minecraft_magenta_shulker_box.png,magenta shulker box,0,0
minecraft_magenta_stained_glass.png,magenta stained glass,0,0
minecraft_magenta_stained_glass_pane.png,magenta stained glass pane,0,0
minecraft_magenta_terracotta.png,magenta terracotta,0,0
minecraft_magenta_wool.png,magenta wool,0,0
minecraft_magma_block.png,magma block,0,0
minecraft_magma_cream.png,magma cream,0,0
minecraft_magma_cube_spawn_egg.png,magma cube spawn egg,0,0
minecraft_mangrove_boat.png,mangrove boat,0,0
minecraft_mangrove_button.png,mangrove button,0,0
minecraft_mangrove_chest_boat.png,mangrove chest boat,0,0
minecraft_mangrove_door.png,mangrove door,0,0
minecraft_mangrove_fence.png,mangrove fence,0,0
minecraft_mangrove_fence_gate.png,mangrove fence gate,0,0
minecraft_mangrove_hanging_sign.png,mangrove hanging sign,0,0
minecraft_mangrove_leaves.png,mangrove leaves,0,0
minecraft_mangrove_log.png,mangrove log,0,0
minecraft_mangrove_planks.png,mangrove planks,0,0
minecraft_mangrove_pressure_plate.png,mangrove pressure plate,0,0
minecraft_mangrove_propagule.png,mangrove propagule,0,0
minecraft_mangrove_roots.png,mangrove roots,0,0
minecraft_mangrove_sign.png,mangrove sign,0,0
minecraft_mangrove_slab.png,mangrove slab,0,0
minecraft_mangrove_stairs.png,mangrove stairs,0,0
minecraft_mangrove_trapdoor.png,mangrove trapdoor,0,0
minecraft_mangrove_wood.png,mangrove wood,0,0
minecraft_map.png,map,0,0
minecraft_medium_amethyst_bud.png,medium amethyst bud,0,0
minecraft_melon.png,melon,0,0
minecraft_melon_seeds.png,melon seeds,0,0
minecraft_melon_slice.png,melon slice,0,0
minecraft_milk_bucket.png,milk bucket,0,0
minecraft_minecart.png,minecart,0,0
minecraft_miner_pottery_sherd.png,miner pottery sherd,0,0
minecraft_mojang_banner_pattern.png,mojang banner pattern,0,0
minecraft_mooshroom_spawn_egg.png,mooshroom spawn egg,0,0
minecraft_mossy_cobblestone.png,mossy cobblestone,0,0
minecraft_mossy_cobblestone_slab.png,mossy cobblestone slab,0,0
minecraft_mossy_cobblestone_stairs.png,mossy cobblestone stairs,0,0
minecraft_mossy_cobblestone_wall.png,mossy cobblestone wall,0,0
minecraft_mossy_stone_bricks.png,mossy stone bricks,0,0
minecraft_mossy_stone_brick_slab.png,mossy stone brick slab,0,0
minecraft_mossy_stone_brick_stairs.png,mossy stone brick stairs,0,0
minecraft_mossy_stone_brick_wall.png,mossy stone brick wall,0,0
minecraft_moss_block.png,moss block,0,0
minecraft_moss_carpet.png,moss carpet,0,0
minecraft_mourner_pottery_sherd.png,mourner pottery sherd,0,0
minecraft_mud.png,mud,0,0
minecraft_muddy_mangrove_roots.png,muddy mangrove roots,0,0
minecraft_mud_bricks.png,mud bricks,0,0
minecraft_mud_brick_slab.png,mud brick slab,0,0
minecraft_mud_brick_stairs.png,mud brick stairs,0,0
minecraft_mud_brick_wall.png,mud brick wall,0,0
minecraft_mule_spawn_egg.png,mule spawn egg,0,0
minecraft_mushroom_stem.png,mushroom stem,0,0
minecraft_mushroom_stew.png,mushroom stew,0,0
minecraft_music_disc_11.png,music disc 11,0,0
minecraft_music_disc_13.png,music disc 13,0,0
minecraft_music_disc_5.png,music disc 5,0,0
minecraft_music_disc_blocks.png,music disc blocks,0,0
minecraft_music_disc_cat.png,music disc cat,0,0
minecraft_music_disc_chirp.png,music disc chirp,0,0
minecraft_music_disc_creator.png,music disc creator,0,0
minecraft_music_disc_creator_music_box.png,music disc creator music box,0,0
minecraft_music_disc_far.png,music disc far,0,0
minecraft_music_disc_mall.png,music disc mall,0,0
minecraft_music_disc_mellohi.png,music disc mellohi,0,0
minecraft_music_disc_otherside.png,music disc otherside,0,0
minecraft_music_disc_pigstep.png,music disc pigstep,0,0
minecraft_music_disc_precipice.png,music disc precipice,0,0
minecraft_music_disc_relic.png,music disc relic,0,0
minecraft_music_disc_stal.png,music disc stal,0,0
minecraft_music_disc_strad.png,music disc strad,0,0
minecraft_music_disc_wait.png,music disc wait,0,0
minecraft_music_disc_ward.png,music disc ward,0,0
minecraft_mutton.png,mutton,0,0
minecraft_mycelium.png,mycelium,0,0
minecraft_name_tag.png,name tag,0,0
minecraft_nautilus_shell.png,nautilus shell,0,0
minecraft_netherite_axe.png,netherite axe,0,0
minecraft_netherite_block.png,netherite block,0,0
minecraft_netherite_boots.png,netherite boots,0,0
minecraft_netherite_chestplate.png,netherite chestplate,0,0
minecraft_netherite_helmet.png,netherite helmet,0,0
minecraft_netherite_hoe.png,netherite hoe,0,0
minecraft_netherite_ingot.png,netherite ingot,0,0
minecraft_netherite_leggings.png,netherite leggings,0,0
minecraft_netherite_pickaxe.png,netherite pickaxe,0,0
minecraft_netherite_scrap.png,netherite scrap,0,0
minecraft_netherite_shovel.png,netherite shovel,0,0
minecraft_netherite_sword.png,netherite sword,0,0
minecraft_netherite_upgrade_smithing_template.png,netherite upgrade smithing template,0,0
minecraft_netherrack.png,netherrack,0,0
minecraft_nether_brick.png,nether brick,0,0
minecraft_nether_bricks.png,nether bricks,0,0
minecraft_nether_brick_fence.png,nether brick fence,0,0
minecraft_nether_brick_slab.png,nether brick slab,0,0
minecraft_nether_brick_stairs.png,nether brick stairs,0,0
minecraft_nether_brick_wall.png,nether brick wall,0,0
minecraft_nether_gold_ore.png,nether gold ore,0,0
minecraft_nether_quartz_ore.png,nether quartz ore,0,0
minecraft_nether_sprouts.png,nether sprouts,0,0
minecraft_nether_star.png,nether star,0,0
minecraft_nether_wart.png,nether wart,0,0
minecraft_nether_wart_block.png,nether wart block,0,0
minecraft_note_block.png,note block,0,0
minecraft_oak_boat.png,oak boat,0,0
minecraft_oak_button.png,oak button,0,0
minecraft_oak_chest_boat.png,oak chest boat,0,0
minecraft_oak_door.png,oak door,0,0
minecraft_oak_fence.png,oak fence,0,0
minecraft_oak_fence_gate.png,oak fence gate,0,0
minecraft_oak_hanging_sign.png,oak hanging sign,0,0
minecraft_oak_leaves.png,oak leaves,0,0
minecraft_oak_log.png,oak log,0,0
minecraft_oak_planks.png,oak planks,0,0
minecraft_oak_pressure_plate.png,oak pressure plate,0,0
minecraft_oak_sapling.png,oak sapling,0,0
minecraft_oak_sign.png,oak sign,0,0
minecraft_oak_slab.png,oak slab,0,0
minecraft_oak_stairs.png,oak stairs,0,0
minecraft_oak_trapdoor.png,oak trapdoor,0,0
minecraft_oak_wood.png,oak wood,0,0
minecraft_observer.png,observer,0,0
minecraft_obsidian.png,obsidian,0,0
minecraft_ocelot_spawn_egg.png,ocelot spawn egg,0,0
minecraft_ochre_froglight.png,ochre froglight,0,0
minecraft_ominous_bottle.png,ominous bottle,0,0
minecraft_ominous_trial_key.png,ominous trial key,0,0
minecraft_open_eyeblossom.png,open eyeblossom,0,0
minecraft_orange_banner.png,orange banner,0,0
minecraft_orange_bed.png,orange bed,0,0
minecraft_orange_bundle.png,orange bundle,0,0
minecraft_orange_candle.png,orange candle,0,0
minecraft_orange_carpet.png,orange carpet,0,0
minecraft_orange_concrete.png,orange concrete,0,0
minecraft_orange_concrete_powder.png,orange concrete powder,0,0
minecraft_orange_dye.png,orange dye,0,0
minecraft_orange_glazed_terracotta.png,orange glazed terracotta,0,0
minecraft_orange_shulker_box.png,orange shulker box,0,0
minecraft_orange_stained_glass.png,orange stained glass,0,0
minecraft_orange_stained_glass_pane.png,orange stained glass pane,0,0
minecraft_orange_terracotta.png,orange terracotta,0,0
minecraft_orange_tulip.png,orange tulip,0,0
minecraft_orange_wool.png,orange wool,0,0
minecraft_oxeye_daisy.png,oxeye daisy,0,0
minecraft_oxidized_chiseled_copper.png,oxidized chiseled copper,0,0
minecraft_oxidized_copper.png,oxidized copper,0,0
minecraft_oxidized_copper_bulb.png,oxidized copper bulb,0,0
minecraft_oxidized_copper_door.png,oxidized copper door,0,0
minecraft_oxidized_copper_grate.png,oxidized copper grate,0,0
minecraft_oxidized_copper_trapdoor.png,oxidized copper trapdoor,0,0
minecraft_oxidized_cut_copper.png,oxidized cut copper,0,0
minecraft_oxidized_cut_copper_slab.png,oxidized cut copper slab,0,0
minecraft_oxidized_cut_copper_stairs.png,oxidized cut copper stairs,0,0
minecraft_packed_ice.png,packed ice,0,0
minecraft_packed_mud.png,packed mud,0,0
minecraft_painting.png,painting,0,0
minecraft_pale_hanging_moss.png,pale hanging moss,0,0
minecraft_pale_moss_block.png,pale moss block,0,0
minecraft_pale_moss_carpet.png,pale moss carpet,0,0
minecraft_pale_oak_boat.png,pale oak boat,0,0
minecraft_pale_oak_button.png,pale oak button,0,0
minecraft_pale_oak_chest_boat.png,pale oak chest boat,0,0
minecraft_pale_oak_door.png,pale oak door,0,0
minecraft_pale_oak_fence.png,pale oak fence,0,0
minecraft_pale_oak_fence_gate.png,pale oak fence gate,0,0
minecraft_pale_oak_hanging_sign.png,pale oak hanging sign,0,0
minecraft_pale_oak_leaves.png,pale oak leaves,0,0
minecraft_pale_oak_log.png,pale oak log,0,0
minecraft_pale_oak_planks.png,pale oak planks,0,0
minecraft_pale_oak_pressure_plate.png,pale oak pressure plate,0,0
minecraft_pale_oak_sapling.png,pale oak sapling,0,0
minecraft_pale_oak_sign.png,pale oak sign,0,0
minecraft_pale_oak_slab.png,pale oak slab,0,0
minecraft_pale_oak_stairs.png,pale oak stairs,0,0
minecraft_pale_oak_trapdoor.png,pale oak trapdoor,0,0
minecraft_pale_oak_wood.png,pale oak wood,0,0
minecraft_panda_spawn_egg.png,panda spawn egg,0,0
minecraft_paper.png,paper,0,0
minecraft_parrot_spawn_egg.png,parrot spawn egg,0,0
minecraft_pearlescent_froglight.png,pearlescent froglight,0,0
minecraft_peony.png,peony,0,0
minecraft_petrified_oak_slab.png,petrified oak slab,0,0
minecraft_phantom_membrane.png,phantom membrane,0,0
minecraft_phantom_spawn_egg.png,phantom spawn egg,0,0
minecraft_piglin_banner_pattern.png,piglin banner pattern,0,0
minecraft_piglin_brute_spawn_egg.png,piglin brute spawn egg,0,0
minecraft_piglin_head.png,piglin head,0,0
minecraft_piglin_spawn_egg.png,piglin spawn egg,0,0
minecraft_pig_spawn_egg.png,pig spawn egg,0,0
minecraft_pillager_spawn_egg.png,pillager spawn egg,0,0
minecraft_pink_banner.png,pink banner,0,0
minecraft_pink_bed.png,pink bed,0,0
minecraft_pink_bundle.png,pink bundle,0,0
minecraft_pink_candle.png,pink candle,0,0
minecraft_pink_carpet.png,pink carpet,0,0
minecraft_pink_concrete.png,pink concrete,0,0
minecraft_pink_concrete_powder.png,pink concrete powder,0,0
minecraft_pink_dye.png,pink dye,0,0
minecraft_pink_glazed_terracotta.png,pink glazed terracotta,0,0
minecraft_pink_petals.png,pink petals,0,0
minecraft_pink_shulker_box.png,pink shulker box,0,0
minecraft_pink_stained_glass.png,pink stained glass,0,0
minecraft_pink_stained_glass_pane.png,pink stained glass pane,0,0
minecraft_pink_terracotta.png,pink terracotta,0,0
minecraft_pink_tulip.png,pink tulip,0,0
minecraft_pink_wool.png,pink wool,0,0
minecraft_piston.png,piston,0,0
minecraft_pitcher_plant.png,pitcher plant,0,0
minecraft_pitcher_pod.png,pitcher pod,0,0
minecraft_player_head.png,player head,0,0
minecraft_plenty_pottery_sherd.png,plenty pottery sherd,0,0
minecraft_podzol.png,podzol,0,0
minecraft_pointed_dripstone.png,pointed dripstone,0,0
minecraft_poisonous_potato.png,poisonous potato,0,0
minecraft_polar_bear_spawn_egg.png,polar bear spawn egg,0,0
minecraft_polished_andesite.png,polished andesite,0,0
minecraft_polished_andesite_slab.png,polished andesite slab,0,0
minecraft_polished_andesite_stairs.png,polished andesite stairs,0,0
minecraft_polished_basalt.png,polished basalt,0,0
minecraft_polished_blackstone.png,polished blackstone,0,0
minecraft_polished_blackstone_bricks.png,polished blackstone bricks,0,0
minecraft_polished_blackstone_brick_slab.png,polished blackstone brick slab,0,0
minecraft_polished_blackstone_brick_stairs.png,polished blackstone brick stairs,0,0
minecraft_polished_blackstone_brick_wall.png,polished blackstone brick wall,0,0
minecraft_polished_blackstone_button.png,polished blackstone button,0,0
minecraft_polished_blackstone_pressure_plate.png,polished blackstone pressure plate,0,0
minecraft_polished_blackstone_slab.png,polished blackstone slab,0,0
minecraft_polished_blackstone_stairs.png,polished blackstone stairs,0,0
minecraft_polished_blackstone_wall.png,polished blackstone wall,0,0
minecraft_polished_deepslate.png,polished deepslate,0,0
minecraft_polished_deepslate_slab.png,polished deepslate slab,0,0
minecraft_polished_deepslate_stairs.png,polished deepslate stairs,0,0
minecraft_polished_deepslate_wall.png,polished deepslate wall,0,0
minecraft_polished_diorite.png,polished diorite,0,0
minecraft_polished_diorite_slab.png,polished diorite slab,0,0
minecraft_polished_diorite_stairs.png,polished diorite stairs,0,0
minecraft_polished_granite.png,polished granite,0,0
minecraft_polished_granite_slab.png,polished granite slab,0,0
minecraft_polished_granite_stairs.png,polished granite stairs,0,0
minecraft_polished_tuff.png,polished tuff,0,0
minecraft_polished_tuff_slab.png,polished tuff slab,0,0
minecraft_polished_tuff_stairs.png,polished tuff stairs,0,0
minecraft_polished_tuff_wall.png,polished tuff wall,0,0
minecraft_popped_chorus_fruit.png,popped chorus fruit,0,0
minecraft_poppy.png,poppy,0,0
minecraft_porkchop.png,porkchop,0,0
minecraft_potato.png,potato,0,0
minecraft_potion.png,potion,0,0
minecraft_powder_snow_bucket.png,powder snow bucket,0,0
minecraft_powered_rail.png,powered rail,0,0
minecraft_prismarine.png,prismarine,0,0
minecraft_prismarine_bricks.png,prismarine bricks,0,0
minecraft_prismarine_brick_slab.png,prismarine brick slab,0,0
minecraft_prismarine_brick_stairs.png,prismarine brick stairs,0,0
minecraft_prismarine_crystals.png,prismarine crystals,0,0
minecraft_prismarine_shard.png,prismarine shard,0,0
minecraft_prismarine_slab.png,prismarine slab,0,0
minecraft_prismarine_stairs.png,prismarine stairs,0,0
minecraft_prismarine_wall.png,prismarine wall,0,0
minecraft_prize_pottery_sherd.png,prize pottery sherd,0,0
minecraft_pufferfish.png,pufferfish,0,0
minecraft_pufferfish_bucket.png,pufferfish bucket,0,0
minecraft_pufferfish_spawn_egg.png,pufferfish spawn egg,0,0
minecraft_pumpkin.png,pumpkin,0,0
minecraft_pumpkin_pie.png,pumpkin pie,0,0
minecraft_pumpkin_seeds.png,pumpkin seeds,0,0
minecraft_purple_banner.png,purple banner,0,0
minecraft_purple_bed.png,purple bed,0,0
minecraft_purple_bundle.png,purple bundle,0,0
minecraft_purple_candle.png,purple candle,0,0
minecraft_purple_carpet.png,purple carpet,0,0
minecraft_purple_concrete.png,purple concrete,0,0
minecraft_purple_concrete_powder.png,purple concrete powder,0,0
minecraft_purple_dye.png,purple dye,0,0
minecraft_purple_glazed_terracotta.png,purple glazed terracotta,0,0
minecraft_purple_shulker_box.png,purple shulker box,0,0
minecraft_purple_stained_glass.png,purple stained glass,0,0
minecraft_purple_stained_glass_pane.png,purple stained glass pane,0,0
minecraft_purple_terracotta.png,purple terracotta,0,0
minecraft_purple_wool.png,purple wool,0,0
minecraft_purpur_block.png,purpur block,0,0
minecraft_purpur_pillar.png,purpur pillar,0,0
minecraft_purpur_slab.png,purpur slab,0,0
minecraft_purpur_stairs.png,purpur stairs,0,0
minecraft_quartz.png,quartz,0,0
minecraft_quartz_block.png,quartz block,0,0
minecraft_quartz_bricks.png,quartz bricks,0,0
minecraft_quartz_pillar.png,quartz pillar,0,0
minecraft_quartz_slab.png,quartz slab,0,0
minecraft_quartz_stairs.png,quartz stairs,0,0
minecraft_rabbit.png,rabbit,0,0
minecraft_rabbit_foot.png,rabbit foot,0,0
minecraft_rabbit_hide.png,rabbit hide,0,0
minecraft_rabbit_spawn_egg.png,rabbit spawn egg,0,0
minecraft_rabbit_stew.png,rabbit stew,0,0
minecraft_rail.png,rail,0,0
minecraft_raiser_armor_trim_smithing_template.png,raiser armor trim smithing template,0,0
minecraft_ravager_spawn_egg.png,ravager spawn egg,0,0
minecraft_raw_copper.png,raw copper,0,0
minecraft_raw_copper_block.png,raw copper block,0,0
minecraft_raw_gold.png,raw gold,0,0
minecraft_raw_gold_block.png,raw gold block,0,0
minecraft_raw_iron.png,raw iron,0,0
minecraft_raw_iron_block.png,raw iron block,0,0
minecraft_recovery_compass.png,recovery compass,0,0
minecraft_redstone.png,redstone,0,0
minecraft_redstone_block.png,redstone block,0,0
minecraft_redstone_lamp.png,redstone lamp,0,0
minecraft_redstone_ore.png,redstone ore,0,0
minecraft_redstone_torch.png,redstone torch,0,0
minecraft_red_banner.png,red banner,0,0
minecraft_red_bed.png,red bed,0,0
minecraft_red_bundle.png,red bundle,0,0
minecraft_red_candle.png,red candle,0,0
minecraft_red_carpet.png,red carpet,0,0
minecraft_red_concrete.png,red concrete,0,0
minecraft_red_concrete_powder.png,red concrete powder,0,0
minecraft_red_dye.png,red dye,0,0
minecraft_red_glazed_terracotta.png,red glazed terracotta,0,0
minecraft_red_mushroom.png,red mushroom,0,0
minecraft_red_mushroom_block.png,red mushroom block,0,0
minecraft_red_nether_bricks.png,red nether bricks,0,0
minecraft_red_nether_brick_slab.png,red nether brick slab,0,0
minecraft_red_nether_brick_stairs.png,red nether brick stairs,0,0
minecraft_red_nether_brick_wall.png,red nether brick wall,0,0
minecraft_red_sand.png,red sand,0,0
minecraft_red_sandstone.png,red sandstone,0,0
minecraft_red_sandstone_slab.png,red sandstone slab,0,0
minecraft_red_sandstone_stairs.png,red sandstone stairs,0,0
minecraft_red_sandstone_wall.png,red sandstone wall,0,0
minecraft_red_shulker_box.png,red shulker box,0,0
minecraft_red_stained_glass.png,red stained glass,0,0
minecraft_red_stained_glass_pane.png,red stained glass pane,0,0
minecraft_red_terracotta.png,red terracotta,0,0
minecraft_red_tulip.png,red tulip,0,0
minecraft_red_wool.png,red wool,0,0
minecraft_reinforced_deepslate.png,reinforced deepslate,0,0
minecraft_repeater.png,repeater,0,0
minecraft_repeating_command_block.png,repeating command block,0,0
minecraft_resin_block.png,resin block,0,0
minecraft_resin_brick.png,resin brick,0,0
minecraft_resin_bricks.png,resin bricks,0,0
minecraft_resin_brick_slab.png,resin brick slab,0,0
minecraft_resin_brick_stairs.png,resin brick stairs,0,0
minecraft_resin_brick_wall.png,resin brick wall,0,0
minecraft_resin_clump.png,resin clump,0,0
minecraft_respawn_anchor.png,respawn anchor,0,0
minecraft_rib_armor_trim_smithing_template.png,rib armor trim smithing template,0,0
minecraft_rooted_dirt.png,rooted dirt,0,0
minecraft_rose_bush.png,rose bush,0,0
minecraft_rotten_flesh.png,rotten flesh,0,0
minecraft_saddle.png,saddle,0,0
minecraft_salmon.png,salmon,0,0
minecraft_salmon_bucket.png,salmon bucket,0,0
minecraft_salmon_spawn_egg.png,salmon spawn egg,0,0
minecraft_sand.png,sand,0,0
minecraft_sandstone.png,sandstone,0,0
minecraft_sandstone_slab.png,sandstone slab,0,0
minecraft_sandstone_stairs.png,sandstone stairs,0,0
minecraft_sandstone_wall.png,sandstone wall,0,0
minecraft_scaffolding.png,scaffolding,0,0
minecraft_scrape_pottery_sherd.png,scrape pottery sherd,0,0
minecraft_sculk.png,sculk,0,0
minecraft_sculk_catalyst.png,sculk catalyst,0,0
minecraft_sculk_sensor.png,sculk sensor,0,0
minecraft_sculk_shrieker.png,sculk shrieker,0,0
minecraft_sculk_vein.png,sculk vein,0,0
minecraft_seagrass.png,seagrass,0,0
minecraft_sea_lantern.png,sea lantern,0,0
minecraft_sea_pickle.png,sea pickle,0,0
minecraft_sentry_armor_trim_smithing_template.png,sentry armor trim smithing template,0,0
minecraft_shaper_armor_trim_smithing_template.png,shaper armor trim smithing template,0,0
minecraft_sheaf_pottery_sherd.png,sheaf pottery sherd,0,0
minecraft_shears.png,shears,0,0
minecraft_sheep_spawn_egg.png,sheep spawn egg,0,0
minecraft_shelter_pottery_sherd.png,shelter pottery sherd,0,0
minecraft_shield.png,shield,0,0
minecraft_short_dry_grass.png,short dry grass,0,0
minecraft_short_grass.png,short grass,0,0
minecraft_shroomlight.png,shroomlight,0,0
minecraft_shulker_box.png,shulker box,0,0
minecraft_shulker_shell.png,shulker shell,0,0
minecraft_shulker_spawn_egg.png,shulker spawn egg,0,0
minecraft_silence_armor_trim_smithing_template.png,silence armor trim smithing template,0,0
minecraft_silverfish_spawn_egg.png,silverfish spawn egg,0,0
minecraft_skeleton_horse_spawn_egg.png,skeleton horse spawn egg,0,0
minecraft_skeleton_skull.png,skeleton skull,0,0
minecraft_skeleton_spawn_egg.png,skeleton spawn egg,0,0
minecraft_skull_banner_pattern.png,skull banner pattern,0,0
minecraft_skull_pottery_sherd.png,skull pottery sherd,0,0
minecraft_slime_ball.png,slime ball,0,0
minecraft_slime_block.png,slime block,0,0
minecraft_slime_spawn_egg.png,slime spawn egg,0,0
minecraft_small_amethyst_bud.png,small amethyst bud,0,0
minecraft_small_dripleaf.png,small dripleaf,0,0
minecraft_smithing_table.png,smithing table,0,0
minecraft_smoker.png,smoker,0,0
minecraft_smooth_basalt.png,smooth basalt,0,0
minecraft_smooth_quartz.png,smooth quartz,0,0
minecraft_smooth_quartz_slab.png,smooth quartz slab,0,0
minecraft_smooth_quartz_stairs.png,smooth quartz stairs,0,0
minecraft_smooth_red_sandstone.png,smooth red sandstone,0,0
minecraft_smooth_red_sandstone_slab.png,smooth red sandstone slab,0,0
minecraft_smooth_red_sandstone_stairs.png,smooth red sandstone stairs,0,0
minecraft_smooth_sandstone.png,smooth sandstone,0,0
minecraft_smooth_sandstone_slab.png,smooth sandstone slab,0,0
minecraft_smooth_sandstone_stairs.png,smooth sandstone stairs,0,0
minecraft_smooth_stone.png,smooth stone,0,0
minecraft_smooth_stone_slab.png,smooth stone slab,0,0
minecraft_sniffer_egg.png,sniffer egg,0,0
minecraft_sniffer_spawn_egg.png,sniffer spawn egg,0,0
minecraft_snort_pottery_sherd.png,snort pottery sherd,0,0
minecraft_snout_armor_trim_smithing_template.png,snout armor trim smithing template,0,0
minecraft_snow.png,snow,0,0
minecraft_snowball.png,snowball,0,0
minecraft_snow_block.png,snow block,0,0
minecraft_snow_golem_spawn_egg.png,snow golem spawn egg,0,0
minecraft_soul_campfire.png,soul campfire,0,0
minecraft_soul_lantern.png,soul lantern,0,0
minecraft_soul_sand.png,soul sand,0,0
minecraft_soul_soil.png,soul soil,0,0
minecraft_soul_torch.png,soul torch,0,0
minecraft_spawner.png,spawner,0,0
minecraft_spectral_arrow.png,spectral arrow,0,0
minecraft_spider_eye.png,spider eye,0,0
minecraft_spider_spawn_egg.png,spider spawn egg,0,0
minecraft_spire_armor_trim_smithing_template.png,spire armor trim smithing template,0,0
minecraft_splash_potion.png,splash potion,0,0
minecraft_sponge.png,sponge,0,0
minecraft_spore_blossom.png,spore blossom,0,0
minecraft_spruce_boat.png,spruce boat,0,0
minecraft_spruce_button.png,spruce button,0,0
minecraft_spruce_chest_boat.png,spruce chest boat,0,0
minecraft_spruce_door.png,spruce door,0,0
minecraft_spruce_fence.png,spruce fence,0,0
minecraft_spruce_fence_gate.png,spruce fence gate,0,0
minecraft_spruce_hanging_sign.png,spruce hanging sign,0,0
minecraft_spruce_leaves.png,spruce leaves,0,0
minecraft_spruce_log.png,spruce log,0,0
minecraft_spruce_planks.png,spruce planks,0,0
minecraft_spruce_pressure_plate.png,spruce pressure plate,0,0
minecraft_spruce_sapling.png,spruce sapling,0,0
minecraft_spruce_sign.png,spruce sign,0,0
minecraft_spruce_slab.png,spruce slab,0,0
minecraft_spruce_stairs.png,spruce stairs,0,0
minecraft_spruce_trapdoor.png,spruce trapdoor,0,0
minecraft_spruce_wood.png,spruce wood,0,0
minecraft_spyglass.png,spyglass,0,0
minecraft_squid_spawn_egg.png,squid spawn egg,0,0
minecraft_stick.png,stick,0,0
minecraft_sticky_piston.png,sticky piston,0,0
minecraft_stone.png,stone,0,0
minecraft_stonecutter.png,stonecutter,0,0
minecraft_stone_axe.png,stone axe,0,0
minecraft_stone_bricks.png,stone bricks,0,0
minecraft_stone_brick_slab.png,stone brick slab,0,0
minecraft_stone_brick_stairs.png,stone brick stairs,0,0
minecraft_stone_brick_wall.png,stone brick wall,0,0
minecraft_stone_button.png,stone button,0,0
minecraft_stone_hoe.png,stone hoe,0,0
minecraft_stone_pickaxe.png,stone pickaxe,0,0
minecraft_stone_pressure_plate.png,stone pressure plate,0,0
minecraft_stone_shovel.png,stone shovel,0,0
minecraft_stone_slab.png,stone slab,0,0
minecraft_stone_stairs.png,stone stairs,0,0
minecraft_stone_sword.png,stone sword,0,0
minecraft_stray_spawn_egg.png,stray spawn egg,0,0
minecraft_strider_spawn_egg.png,strider spawn egg,0,0
minecraft_string.png,string,0,0
minecraft_stripped_acacia_log.png,stripped acacia log,0,0
minecraft_stripped_acacia_wood.png,stripped acacia wood,0,0
minecraft_stripped_bamboo_block.png,stripped bamboo block,0,0
minecraft_stripped_birch_log.png,stripped birch log,0,0
minecraft_stripped_birch_wood.png,stripped birch wood,0,0
minecraft_stripped_cherry_log.png,stripped cherry log,0,0
minecraft_stripped_cherry_wood.png,stripped cherry wood,0,0
minecraft_stripped_crimson_hyphae.png,stripped crimson hyphae,0,0
minecraft_stripped_crimson_stem.png,stripped crimson stem,0,0
minecraft_stripped_dark_oak_log.png,stripped dark oak log,0,0
minecraft_stripped_dark_oak_wood.png,stripped dark oak wood,0,0
minecraft_stripped_jungle_log.png,stripped jungle log,0,0
minecraft_stripped_jungle_wood.png,stripped jungle wood,0,0
minecraft_stripped_mangrove_log.png,stripped mangrove log,0,0
minecraft_stripped_mangrove_wood.png,stripped mangrove wood,0,0
minecraft_stripped_oak_log.png,stripped oak log,0,0
minecraft_stripped_oak_wood.png,stripped oak wood,0,0
minecraft_stripped_pale_oak_log.png,stripped pale oak log,0,0
minecraft_stripped_pale_oak_wood.png,stripped pale oak wood,0,0
minecraft_stripped_spruce_log.png,stripped spruce log,0,0
minecraft_stripped_spruce_wood.png,stripped spruce wood,0,0
minecraft_stripped_warped_hyphae.png,stripped warped hyphae,0,0
minecraft_stripped_warped_stem.png,stripped warped stem,0,0
minecraft_structure_block.png,structure block,0,0
minecraft_structure_void.png,structure void,0,0
minecraft_sugar.png,sugar,0,0
minecraft_sugar_cane.png,sugar cane,0,0
minecraft_sunflower.png,sunflower,0,0
minecraft_suspicious_gravel.png,suspicious gravel,0,0
minecraft_suspicious_sand.png,suspicious sand,0,0
minecraft_suspicious_stew.png,suspicious stew,0,0
minecraft_sweet_berries.png,sweet berries,0,0
minecraft_tadpole_bucket.png,tadpole bucket,0,0
minecraft_tadpole_spawn_egg.png,tadpole spawn egg,0,0
minecraft_tall_dry_grass.png,tall dry grass,0,0
minecraft_tall_grass.png,tall grass,0,0
minecraft_target.png,target,0,0
minecraft_terracotta.png,terracotta,0,0
minecraft_test_block.png,test block,0,0
minecraft_test_instance_block.png,test instance block,0,0
minecraft_tide_armor_trim_smithing_template.png,tide armor trim smithing template,0,0
minecraft_tinted_glass.png,tinted glass,0,0
minecraft_tipped_arrow.png,tipped arrow,0,0
minecraft_tnt.png,tnt,0,0
minecraft_tnt_minecart.png,tnt minecart,0,0
minecraft_torch.png,torch,0,0
minecraft_torchflower.png,torchflower,0,0
minecraft_torchflower_seeds.png,torchflower seeds,0,0
minecraft_totem_of_undying.png,totem of undying,0,0
minecraft_trader_llama_spawn_egg.png,trader llama spawn egg,0,0
minecraft_trapped_chest.png,trapped chest,0,0
minecraft_trial_key.png,trial key,0,0
minecraft_trial_spawner.png,trial spawner,0,0
minecraft_trident.png,trident,0,0
minecraft_tripwire_hook.png,tripwire hook,0,0
minecraft_tropical_fish.png,tropical fish,0,0
minecraft_tropical_fish_bucket.png,tropical fish bucket,0,0
minecraft_tropical_fish_spawn_egg.png,tropical fish spawn egg,0,0
minecraft_tube_coral.png,tube coral,0,0
minecraft_tube_coral_block.png,tube coral block,0,0
minecraft_tube_coral_fan.png,tube coral fan,0,0
minecraft_tuff.png,tuff,0,0
minecraft_tuff_bricks.png,tuff bricks,0,0
minecraft_tuff_brick_slab.png,tuff brick slab,0,0
minecraft_tuff_brick_stairs.png,tuff brick stairs,0,0
minecraft_tuff_brick_wall.png,tuff brick wall,0,0
minecraft_tuff_slab.png,tuff slab,0,0
minecraft_tuff_stairs.png,tuff stairs,0,0
minecraft_tuff_wall.png,tuff wall,0,0
minecraft_turtle_egg.png,turtle egg,0,0
minecraft_turtle_helmet.png,turtle helmet,0,0
minecraft_turtle_scute.png,turtle scute,0,0
minecraft_turtle_spawn_egg.png,turtle spawn egg,0,0
minecraft_twisting_vines.png,twisting vines,0,0
minecraft_vault.png,vault,0,0
minecraft_verdant_froglight.png,verdant froglight,0,0
minecraft_vex_armor_trim_smithing_template.png,vex armor trim smithing template,0,0
minecraft_vex_spawn_egg.png,vex spawn egg,0,0
minecraft_villager_spawn_egg.png,villager spawn egg,0,0
minecraft_vindicator_spawn_egg.png,vindicator spawn egg,0,0
minecraft_vine.png,vine,0,0
minecraft_wandering_trader_spawn_egg.png,wandering trader spawn egg,0,0
minecraft_warden_spawn_egg.png,warden spawn egg,0,0
minecraft_ward_armor_trim_smithing_template.png,ward armor trim smithing template,0,0
minecraft_warped_button.png,warped button,0,0
minecraft_warped_door.png,warped door,0,0
minecraft_warped_fence.png,warped fence,0,0
minecraft_warped_fence_gate.png,warped fence gate,0,0
minecraft_warped_fungus.png,warped fungus,0,0
minecraft_warped_fungus_on_a_stick.png,warped fungus on a stick,0,0
minecraft_warped_hanging_sign.png,warped hanging sign,0,0
minecraft_warped_hyphae.png,warped hyphae,0,0
minecraft_warped_nylium.png,warped nylium,0,0
minecraft_warped_planks.png,warped planks,0,0
minecraft_warped_pressure_plate.png,warped pressure plate,0,0
minecraft_warped_roots.png,warped roots,0,0
minecraft_warped_sign.png,warped sign,0,0
minecraft_warped_slab.png,warped slab,0,0
minecraft_warped_stairs.png,warped stairs,0,0
minecraft_warped_stem.png,warped stem,0,0
minecraft_warped_trapdoor.png,warped trapdoor,0,0
minecraft_warped_wart_block.png,warped wart block,0,0
minecraft_water_bucket.png,water bucket,0,0
minecraft_waxed_chiseled_copper.png,waxed chiseled copper,0,0
minecraft_waxed_copper_block.png,waxed copper block,0,0
minecraft_waxed_copper_bulb.png,waxed copper bulb,0,0
minecraft_waxed_copper_door.png,waxed copper door,0,0
minecraft_waxed_copper_grate.png,waxed copper grate,0,0
minecraft_waxed_copper_trapdoor.png,waxed copper trapdoor,0,0
minecraft_waxed_cut_copper.png,waxed cut copper,0,0
minecraft_waxed_cut_copper_slab.png,waxed cut copper slab,0,0
minecraft_waxed_cut_copper_stairs.png,waxed cut copper stairs,0,0
minecraft_waxed_exposed_chiseled_copper.png,waxed exposed chiseled copper,0,0
minecraft_waxed_exposed_copper.png,waxed exposed copper,0,0
minecraft_waxed_exposed_copper_bulb.png,waxed exposed copper bulb,0,0
minecraft_waxed_exposed_copper_door.png,waxed exposed copper door,0,0
minecraft_waxed_exposed_copper_grate.png,waxed exposed copper grate,0,0
minecraft_waxed_exposed_copper_trapdoor.png,waxed exposed copper trapdoor,0,0
minecraft_waxed_exposed_cut_copper.png,waxed exposed cut copper,0,0
minecraft_waxed_exposed_cut_copper_slab.png,waxed exposed cut copper slab,0,0
minecraft_waxed_exposed_cut_copper_stairs.png,waxed exposed cut copper stairs,0,0
minecraft_waxed_oxidized_chiseled_copper.png,waxed oxidized chiseled copper,0,0
minecraft_waxed_oxidized_copper.png,waxed oxidized copper,0,0
minecraft_waxed_oxidized_copper_bulb.png,waxed oxidized copper bulb,0,0
minecraft_waxed_oxidized_copper_door.png,waxed oxidized copper door,0,0
minecraft_waxed_oxidized_copper_grate.png,waxed oxidized copper grate,0,0
minecraft_waxed_oxidized_copper_trapdoor.png,waxed oxidized copper trapdoor,0,0
minecraft_waxed_oxidized_cut_copper.png,waxed oxidized cut copper,0,0
minecraft_waxed_oxidized_cut_copper_slab.png,waxed oxidized cut copper slab,0,0
minecraft_waxed_oxidized_cut_copper_stairs.png,waxed oxidized cut copper stairs,0,0
minecraft_waxed_weathered_chiseled_copper.png,waxed weathered chiseled copper,0,0
minecraft_waxed_weathered_copper.png,waxed weathered copper,0,0
minecraft_waxed_weathered_copper_bulb.png,waxed weathered copper bulb,0,0
minecraft_waxed_weathered_copper_door.png,waxed weathered copper door,0,0
minecraft_waxed_weathered_copper_grate.png,waxed weathered copper grate,0,0
minecraft_waxed_weathered_copper_trapdoor.png,waxed weathered copper trapdoor,0,0
minecraft_waxed_weathered_cut_copper.png,waxed weathered cut copper,0,0
minecraft_waxed_weathered_cut_copper_slab.png,waxed weathered cut copper slab,0,0
minecraft_waxed_weathered_cut_copper_stairs.png,waxed weathered cut copper stairs,0,0
minecraft_wayfinder_armor_trim_smithing_template.png,wayfinder armor trim smithing template,0,0
minecraft_weathered_chiseled_copper.png,weathered chiseled copper,0,0
minecraft_weathered_copper.png,weathered copper,0,0
minecraft_weathered_copper_bulb.png,weathered copper bulb,0,0
minecraft_weathered_copper_door.png,weathered copper door,0,0
minecraft_weathered_copper_grate.png,weathered copper grate,0,0
minecraft_weathered_copper_trapdoor.png,weathered copper trapdoor,0,0
minecraft_weathered_cut_copper.png,weathered cut copper,0,0
minecraft_weathered_cut_copper_slab.png,weathered cut copper slab,0,0
minecraft_weathered_cut_copper_stairs.png,weathered cut copper stairs,0,0
minecraft_weeping_vines.png,weeping vines,0,0
minecraft_wet_sponge.png,wet sponge,0,0
minecraft_wheat.png,wheat,0,0
minecraft_wheat_seeds.png,wheat seeds,0,0
minecraft_white_banner.png,white banner,0,0
minecraft_white_bed.png,white bed,0,0
minecraft_white_bundle.png,white bundle,0,0
minecraft_white_candle.png,white candle,0,0
minecraft_white_carpet.png,white carpet,0,0
minecraft_white_concrete.png,white concrete,0,0
minecraft_white_concrete_powder.png,white concrete powder,0,0
minecraft_white_dye.png,white dye,0,0
minecraft_white_glazed_terracotta.png,white glazed terracotta,0,0
minecraft_white_shulker_box.png,white shulker box,0,0
minecraft_white_stained_glass.png,white stained glass,0,0
minecraft_white_stained_glass_pane.png,white stained glass pane,0,0
minecraft_white_terracotta.png,white terracotta,0,0
minecraft_white_tulip.png,white tulip,0,0
minecraft_white_wool.png,white wool,0,0
minecraft_wildflowers.png,wildflowers,0,0
minecraft_wild_armor_trim_smithing_template.png,wild armor trim smithing template,0,0
minecraft_wind_charge.png,wind charge,0,0
minecraft_witch_spawn_egg.png,witch spawn egg,0,0
minecraft_wither_rose.png,wither rose,0,0
minecraft_wither_skeleton_skull.png,wither skeleton skull,0,0
minecraft_wither_skeleton_spawn_egg.png,wither skeleton spawn egg,0,0
minecraft_wither_spawn_egg.png,wither spawn egg,0,0
minecraft_wolf_armor.png,wolf armor,0,0
minecraft_wolf_spawn_egg.png,wolf spawn egg,0,0
minecraft_wooden_axe.png,wooden axe,0,0
minecraft_wooden_hoe.png,wooden hoe,0,0
minecraft_wooden_pickaxe.png,wooden pickaxe,0,0
minecraft_wooden_shovel.png,wooden shovel,0,0
minecraft_wooden_sword.png,wooden sword,0,0
minecraft_writable_book.png,writable book,0,0
minecraft_written_book.png,written book,0,0
minecraft_yellow_banner.png,yellow banner,0,0
minecraft_yellow_bed.png,yellow bed,0,0
minecraft_yellow_bundle.png,yellow bundle,0,0
minecraft_yellow_candle.png,yellow candle,0,0
minecraft_yellow_carpet.png,yellow carpet,0,0
minecraft_yellow_concrete.png,yellow concrete,0,0
minecraft_yellow_concrete_powder.png,yellow concrete powder,0,0
minecraft_yellow_dye.png,yellow dye,0,0
minecraft_yellow_glazed_terracotta.png,yellow glazed terracotta,0,0
minecraft_yellow_shulker_box.png,yellow shulker box,0,0
minecraft_yellow_stained_glass.png,yellow stained glass,0,0
minecraft_yellow_stained_glass_pane.png,yellow stained glass pane,0,0
minecraft_yellow_terracotta.png,yellow terracotta,0,0
minecraft_yellow_wool.png,yellow wool,0,0
minecraft_zoglin_spawn_egg.png,zoglin spawn egg,0,0
minecraft_zombie_head.png,zombie head,0,0
minecraft_zombie_horse_spawn_egg.png,zombie horse spawn egg,0,0
minecraft_zombie_spawn_egg.png,zombie spawn egg,0,0
minecraft_zombie_villager_spawn_egg.png,zombie villager spawn egg,0,0
minecraft_zombified_piglin_spawn_egg.png,zombified piglin spawn egg,0,0
